class	path	bytes	sha256
maintained-tool	development/acceptance/drivers/accounting.py	68395	59fa392071c693264fbc94936841caad56a3aa065529ea8a6a943bf4ac6731d1
maintained-tool	development/acceptance/drivers/deploy.py	27555	46c1d0b589d3a6e0433cc782411b5f502b29a93ed87d1d44d68af772aed3a0c6
maintained-tool	development/acceptance/drivers/fsx.py	43323	8a10966766f33dd21e970da89506e3ef47d58f8b9efffa2c10b703def092b443
maintained-tool	development/acceptance/drivers/health.py	23337	5af3af19279b76404d4bbd3bb1241ef6f4501c357625b662b60c1fc9fb687fb7
maintained-tool	development/acceptance/drivers/ltp.py	53784	6c8167c20eff91c8923c1a6df6d0cf1ea28d4a9855954d2b0600789f0d6c5312
maintained-tool	development/acceptance/drivers/mount_isolation.py	38634	1be93aa218fd5600efc8b7e5c8b0121befa2702ffbbb2ab7b06d1be28e95bae5
maintained-tool	development/acceptance/drivers/random_fs.py	41138	3026203d07f0796ceaf3b03bb389225b8b39b6c5121fdb5efff3274d07f52af2
maintained-tool	development/acceptance/drivers/standard.py	71932	1d85ed64f409dda781137b9baea485b9bb1980f956970e1a33ea1ed0e6a44397
maintained-tool	development/acceptance/drivers/suite_binding.py	24828	0578a3aac0bb332f0bd53ab37c9616a256542a8673a6c8323b3771d62140ed80
maintained-tool	development/acceptance/drivers/target_identity.py	10174	60344bada7309e09d5521234d2007f0c878f915a8382fdeba573d6a102fddd61
maintained-tool	development/acceptance/drivers/visibility.py	63578	a29a66774c37910f7f272f568dcbde99263ddc58145b78f6ace268853646bc70
maintained-tool	development/acceptance/environment.py	117414	b7074b344842d20835fa047aae2000e89f4e7af3043e300b50f5b7c68f1ca4d2
maintained-tool	development/acceptance/inventory.py	14055	b14a1adfa0f03805e07df9030e9f62a45588f78ff9c0ab8153a6bf72a17c54b6
maintained-tool	development/acceptance/p1b-probe.py	4275	0fb57b5912d23059f630862e1591a7a4af94c38687b111a238fec75331791932
maintained-tool	development/acceptance/probes/consistency_cross.py	52391	0128e177c3b580ebaa8d65d8cd63fc00a53bb1eb3420e98550cbcf794f4b0db8
maintained-tool	development/acceptance/probes/env_network.py	21929	efe941272b10213a770a842a150b4cf3a49625e25244574c4f7dae567915dc65
maintained-tool	development/acceptance/probes/env_verbs.py	21034	421ac95282a0eebe52af8bb8122fc46a8925d60682e7222bd493f6e2ff4f3200
maintained-tool	development/acceptance/probes/locks_cross.py	44793	a63c5f9282b0a8a7c69824045ebfee2f88b8089411c00e70c3277f0022706fea
maintained-tool	development/acceptance/probes/locks_renewal_fault.py	20322	225cc8ebeb5d47d58957eab13dc6e2ecdedb8174ba9f06c8b09cf14e52bd3178
maintained-tool	development/acceptance/probes/locks_smoke.py	34179	f83f367b4fe81dd6f6f7276184c15c7b396357101d3d9252955405a4aef83073
maintained-tool	development/acceptance/probes/multi_uid_smoke.py	16490	8f99a1d18e4289e9ec39721ba0ec7a11c08ab650b3f469c2652044fcfa5a714d
maintained-tool	development/acceptance/probes/owner_restart.py	18270	4a3a3e67c28226f717d0783c4c3c629e5a19ba391c3da5969a71ead61cbfcc15
maintained-tool	development/acceptance/probes/posix_smoke.py	21581	4919b8c628ec42f362bac145e8fb59c04ffd5f7718d147cac83608494e492159
maintained-test	development/acceptance/probes/test_env_network.py	7898	97bf48c68961f568c55a51983d85527d7c24fefcd3835782f0b28a2d5e3fbc4c
maintained-test	development/acceptance/probes/test_env_verbs.py	13195	7f598eeb5f60647bcb2c47c550d57d0c3b99738333e6c1b3b157ca358b5fb368
maintained-tool	development/acceptance/runner.py	39607	9938a0fc1a2941e32c56187700258daeb9a3d982de0e3f92f7c8603f4553540c
maintained-tool	development/acceptance/suites/random_model.py	5437	1847debe4e53b1dc730cb61f24a95d3d622e78aec30dd6ab65dc3fea034f28e5
maintained-test	development/acceptance/test_accounting_driver.py	40602	fff58245a48800157b90d1902f488f7e07efdef6b9668faadd6201bf9b67fea5
maintained-test	development/acceptance/test_deploy_driver.py	3588	a9f7e0591493218a3327f1ee50254aa23da718892da7df28a93d59f149a77217
maintained-test	development/acceptance/test_environment.py	16383	4c1ba9ad0754c6be901ae71d34edbaefaf18cc9f09b71001cfe30f2f367c5ed0
maintained-test	development/acceptance/test_environment_network.py	17611	a38e69d2b0b5b673211d32fdb465d66a56ebe0f4c50f33f501cab87c2518ab86
maintained-test	development/acceptance/test_environment_readiness.py	18609	7013b6cc4697311ff412592ea27026773028ff7311b29ac6b2ebc9524f39d2e2
maintained-test	development/acceptance/test_environment_verbs.py	15776	5ddf1299b0c234a17d6e9397400c3a00c562f015fb78882aa7dbd5dbed739f1d
maintained-test	development/acceptance/test_fsx_driver.py	14608	978a71834dd68f3fb44a66c62ee81d2cd3b3ad296220b55e7932c7b8f8aa9b61
maintained-test	development/acceptance/test_health_driver.py	13953	c5223cec3098042d19256449f3901322c2b9bff6b55f4880ebc943703592b3ff
maintained-test	development/acceptance/test_inventory.py	5466	dd20506c4b613d47e6c7f6738076bb1c7eca5f183398f48db1d91eb022b65457
maintained-test	development/acceptance/test_locks_cross.py	14232	3dcf125248e2f74e258356fa294b73ac2d923a1e10c72ac5638e0aed0000240d
maintained-test	development/acceptance/test_locks_renewal_fault.py	6350	807fc33bf3335adf6e49c10103f73450902fb2b90b527c6e5fa8abc733c5158e
maintained-test	development/acceptance/test_ltp_driver.py	34758	ac7e34eb5f7210f7dfd7e7500f9d623cbfd0651ca2eb4bf4b4dd370aa42fbdc6
maintained-test	development/acceptance/test_mount_isolation.py	30587	bafa0231f6109eee261a272f12425a9ddca2990845c5addbbf1d3f9419b1df66
maintained-test	development/acceptance/test_owner_restart.py	7082	5d0834badf95053d5a124774ad7d904d94a90e53bdde8fbc1fe205492b2c8b0f
maintained-test	development/acceptance/test_random_fs_driver.py	8970	3d3f4d26d896a2eca49cd7566996a64b11ccc17c7378538e82f795a18dedd5be
maintained-test	development/acceptance/test_runner.py	34574	7a460f065cd38aebda5a425dc707213e1eac49878c00ba667b64583e44a12a6b
maintained-test	development/acceptance/test_standard_driver.py	31080	c30974870856396742d2141eaedab33aade993aee8ee36cf6d618e709690a25c
maintained-test	development/acceptance/test_suite_binding.py	19533	7341ad59ff6063737c2a01507cd799cea301ec508b5052a36b26fc74bbe347cd
maintained-test	development/acceptance/test_target_identity.py	11919	3f29521d1ac935205f7886d804cb55902a88dff38c0b487b4bcab348f1817a9b
maintained-test	development/acceptance/test_visibility_driver.py	22643	eb6f101c78de9c357ac78e2d3237ab0c0f6e695a3c26519dacaf3ae39b4f9e5f
maintained-tool	development/checkpoints/20261006-current/verify-inputs.py	1712	2d4f190d1deb31b5482ff0cae26dc5cff257a44c384f7c7cbabf3b87900dec34
regression-fixture	development/evidence/20261001-network-preparation/afs-v67-clean-filter.py	1229	924e71b87fdf3268977db6f2af89c75074d7cd650f29267a59eb9843c887715e
regression-fixture	development/evidence/20261001-network-preparation/afs-v67-preserve.py	1112	e7114d2f5c09de7b61863cd494b0279776ea7c77e8989e152615a7ee67795815
regression-fixture	development/evidence/20261001-network-preparation/afs-v67-stop.py	1034	e15c52f1faa66dafb6c546ba6ee8e98621dcc4d0a46e3e6b59cd3eff9f07bceb
regression-fixture	development/evidence/20261001-network-preparation/afs-v67-validate-final.py	3594	52b8dcf9a81bc46f64cc4c19c7b1c9052bb8c7b6eb1f6cb93e2309fb07179ae8
regression-fixture	development/evidence/20261001-network-preparation/afs-v67-validate.py	3588	a0287311fa8bd26ae4b4e554504e3809c865d27f191e4d66301eb8c157edbe66
regression-fixture	development/evidence/20261001-network-preparation/attempt-1/a/env_network.py	21365	8ef9f8272131d370b2f2659a9af8bab220de75464f454e7503ec445cead903e2
regression-fixture	development/evidence/20261001-network-preparation/attempt-1/b/env_network.py	21365	8ef9f8272131d370b2f2659a9af8bab220de75464f454e7503ec445cead903e2
regression-fixture	development/evidence/20261001-network-preparation/attempt-1/c/env_network.py	21365	8ef9f8272131d370b2f2659a9af8bab220de75464f454e7503ec445cead903e2
regression-fixture	development/evidence/20261001-network-preparation/attempt-1/ctl/env_network.py	21365	8ef9f8272131d370b2f2659a9af8bab220de75464f454e7503ec445cead903e2
regression-fixture	development/evidence/20261001-network-preparation/attempt-1/ctl/logs/preserve-input.py	1112	e7114d2f5c09de7b61863cd494b0279776ea7c77e8989e152615a7ee67795815
regression-fixture	development/evidence/20261001-network-preparation/linux/a/env_network.py	21773	3db932a4c1a72d450edbcc222ae8ae4010061fac84b5c012f061c91186e79612
regression-fixture	development/evidence/20261001-network-preparation/linux/a/logs/stop-input.py	1034	e15c52f1faa66dafb6c546ba6ee8e98621dcc4d0a46e3e6b59cd3eff9f07bceb
regression-fixture	development/evidence/20261001-network-preparation/linux/b/env_network.py	21773	3db932a4c1a72d450edbcc222ae8ae4010061fac84b5c012f061c91186e79612
regression-fixture	development/evidence/20261001-network-preparation/linux/b/logs/clean-filter-input.py	1209	3f749370b25b960c5fc7d1feb89a4fdb804842e1ef374968dce15f2c77aa2e39
regression-fixture	development/evidence/20261001-network-preparation/linux/b/logs/clean-filter-r2-input.py	1229	924e71b87fdf3268977db6f2af89c75074d7cd650f29267a59eb9843c887715e
regression-fixture	development/evidence/20261001-network-preparation/linux/b/logs/stop-input.py	1034	e15c52f1faa66dafb6c546ba6ee8e98621dcc4d0a46e3e6b59cd3eff9f07bceb
regression-fixture	development/evidence/20261001-network-preparation/linux/c/env_network.py	21773	3db932a4c1a72d450edbcc222ae8ae4010061fac84b5c012f061c91186e79612
regression-fixture	development/evidence/20261001-network-preparation/linux/c/logs/stop-input.py	1034	e15c52f1faa66dafb6c546ba6ee8e98621dcc4d0a46e3e6b59cd3eff9f07bceb
regression-fixture	development/evidence/20261001-network-preparation/linux/ctl/env_network.py	21773	3db932a4c1a72d450edbcc222ae8ae4010061fac84b5c012f061c91186e79612
regression-fixture	development/evidence/20261001-network-preparation/linux/ctl/logs/stop-input.py	1034	e15c52f1faa66dafb6c546ba6ee8e98621dcc4d0a46e3e6b59cd3eff9f07bceb
regression-fixture	development/evidence/20261001-network-preparation/local/bind-original/env_network.py	21773	3db932a4c1a72d450edbcc222ae8ae4010061fac84b5c012f061c91186e79612
regression-fixture	development/evidence/20261001-network-preparation/local/bind-original/test_env_network.py	7898	97bf48c68961f568c55a51983d85527d7c24fefcd3835782f0b28a2d5e3fbc4c
regression-fixture	development/evidence/20261001-network-preparation/local/env_network.py	21929	efe941272b10213a770a842a150b4cf3a49625e25244574c4f7dae567915dc65
regression-fixture	development/evidence/20261001-network-preparation/local/original/env_network.py	21365	8ef9f8272131d370b2f2659a9af8bab220de75464f454e7503ec445cead903e2
regression-fixture	development/evidence/20261001-network-preparation/local/original/test_env_network.py	4740	2fe3cf5493f6e4fbf0ed48144d57891aae283a9759185108fd82880056db00b8
regression-fixture	development/evidence/20261001-network-preparation/local/test_env_network.py	7898	97bf48c68961f568c55a51983d85527d7c24fefcd3835782f0b28a2d5e3fbc4c
regression-fixture	development/evidence/20261001-network-preparation/local/tls13-original/env_network.py	21365	8ef9f8272131d370b2f2659a9af8bab220de75464f454e7503ec445cead903e2
regression-fixture	development/evidence/20261001-network-preparation/local/tls13-original/test_env_network.py	7361	ae8f2762f83d1dcfc036bdcf3416b68f1e89076a5a90ce44bd5bf2bd24418d08
regression-fixture	development/evidence/20261001-network-preparation/original/env_network.py	19288	fe9fa8a3cb3aacf38c9dd6c50c8a5137319ea6267b5b59d1f3314184a945bd39
regression-fixture	development/evidence/20261001-network-preparation/original/test_env_network.py	3846	b099d7da40afb4cf3487cec308151bb207a9e4c77c1e1e256b2e63df09829832
regression-fixture	development/evidence/20261001-network-preparation/semantic-final/a/env_network.py	21773	3db932a4c1a72d450edbcc222ae8ae4010061fac84b5c012f061c91186e79612
regression-fixture	development/evidence/20261001-network-preparation/semantic-final/a/logs/stop-input.py	1034	e15c52f1faa66dafb6c546ba6ee8e98621dcc4d0a46e3e6b59cd3eff9f07bceb
regression-fixture	development/evidence/20261001-network-preparation/semantic-final/afs-v67-validate.py	3594	52b8dcf9a81bc46f64cc4c19c7b1c9052bb8c7b6eb1f6cb93e2309fb07179ae8
regression-fixture	development/evidence/20261001-network-preparation/semantic-final/b/env_network.py	21773	3db932a4c1a72d450edbcc222ae8ae4010061fac84b5c012f061c91186e79612
regression-fixture	development/evidence/20261001-network-preparation/semantic-final/b/logs/clean-filter-input.py	1209	3f749370b25b960c5fc7d1feb89a4fdb804842e1ef374968dce15f2c77aa2e39
regression-fixture	development/evidence/20261001-network-preparation/semantic-final/b/logs/clean-filter-r2-input.py	1229	924e71b87fdf3268977db6f2af89c75074d7cd650f29267a59eb9843c887715e
regression-fixture	development/evidence/20261001-network-preparation/semantic-final/b/logs/stop-input.py	1034	e15c52f1faa66dafb6c546ba6ee8e98621dcc4d0a46e3e6b59cd3eff9f07bceb
regression-fixture	development/evidence/20261001-network-preparation/semantic-final/c/env_network.py	21773	3db932a4c1a72d450edbcc222ae8ae4010061fac84b5c012f061c91186e79612
regression-fixture	development/evidence/20261001-network-preparation/semantic-final/c/logs/stop-input.py	1034	e15c52f1faa66dafb6c546ba6ee8e98621dcc4d0a46e3e6b59cd3eff9f07bceb
regression-fixture	development/evidence/20261001-network-preparation/semantic-final/ctl/env_network.py	21773	3db932a4c1a72d450edbcc222ae8ae4010061fac84b5c012f061c91186e79612
regression-fixture	development/evidence/20261001-network-preparation/semantic-final/ctl/logs/stop-input.py	1034	e15c52f1faa66dafb6c546ba6ee8e98621dcc4d0a46e3e6b59cd3eff9f07bceb
regression-fixture	development/evidence/20261001-network-preparation/semantic-final/env_network.py	21773	3db932a4c1a72d450edbcc222ae8ae4010061fac84b5c012f061c91186e79612
regression-fixture	development/evidence/20261001-network-preparation/semantic-final/semantic-original/afs-v67-validate.py	3588	a0287311fa8bd26ae4b4e554504e3809c865d27f191e4d66301eb8c157edbe66
regression-fixture	development/evidence/20261001-network-preparation/semantic-original/afs-v67-validate.py	3588	a0287311fa8bd26ae4b4e554504e3809c865d27f191e4d66301eb8c157edbe66
regression-fixture	development/evidence/20261001-verbs-preparation/audit.py	4981	de9eaabcbc2776e34b7a5f02810d1227f3b736a286fa3b8785bb1ceb7fcdc29b
regression-fixture	development/evidence/20261001-verbs-preparation/inputs/env_verbs-checker.py	21034	421ac95282a0eebe52af8bb8122fc46a8925d60682e7222bd493f6e2ff4f3200
regression-fixture	development/evidence/20261001-verbs-preparation/inputs/env_verbs.py	20033	c8ea5535f2cb0f85fe80e0e9d2104e77229c35ed478a865fdd2231e6dabab130
regression-fixture	development/evidence/20261001-verbs-preparation/inputs/observe.py	2532	f8594925f8ff741f15cd54c98b04c9a4126fa23f2094e708e89c9f8222739935
regression-fixture	development/evidence/20261001-verbs-preparation/inputs/test_env_verbs-final.py	13195	7f598eeb5f60647bcb2c47c550d57d0c3b99738333e6c1b3b157ca358b5fb368
regression-fixture	development/evidence/20261001-verbs-preparation/inputs/test_env_verbs.py	9697	533a515989a6aceda34e42c3b1297f36cc803477a04bca4e5009ba05d3e3a6cd
regression-fixture	development/evidence/20261001-verbs-preparation/linux/tools/final/development/acceptance/probes/env_verbs.py	20841	99c54685adb84d56272deafbca0e66709cf3d9c3f5e6e1ae0d788bf74b1a31e6
regression-fixture	development/evidence/20261001-verbs-preparation/linux/tools/final/development/acceptance/probes/test_env_verbs.py	12816	37e91d2006b2777dfb3f5454d56683cfe5ff97a1af5399d59987e01076ea2044
regression-fixture	development/evidence/20261001-verbs-preparation/linux/tools/final2/development/acceptance/probes/env_verbs.py	21034	421ac95282a0eebe52af8bb8122fc46a8925d60682e7222bd493f6e2ff4f3200
regression-fixture	development/evidence/20261001-verbs-preparation/linux/tools/final2/development/acceptance/probes/test_env_verbs.py	13195	7f598eeb5f60647bcb2c47c550d57d0c3b99738333e6c1b3b157ca358b5fb368
regression-fixture	development/evidence/20261001-verbs-preparation/linux/tools/review-original/development/acceptance/probes/env_verbs.py	20033	c8ea5535f2cb0f85fe80e0e9d2104e77229c35ed478a865fdd2231e6dabab130
regression-fixture	development/evidence/20261001-verbs-preparation/linux/tools/review-original/development/acceptance/probes/test_env_verbs.py	12597	602270969fc693cdca0418fa7e2aa53a9c1bb56e5f306d30c2b1ce53a76e3785
regression-fixture	development/evidence/20261001-verbs-preparation/linux/tools/uuid-original/development/acceptance/probes/env_verbs.py	20841	99c54685adb84d56272deafbca0e66709cf3d9c3f5e6e1ae0d788bf74b1a31e6
regression-fixture	development/evidence/20261001-verbs-preparation/linux/tools/uuid-original/development/acceptance/probes/test_env_verbs.py	13195	7f598eeb5f60647bcb2c47c550d57d0c3b99738333e6c1b3b157ca358b5fb368
regression-fixture	development/evidence/20261001-verbs-preparation/observe.py	2532	f8594925f8ff741f15cd54c98b04c9a4126fa23f2094e708e89c9f8222739935
regression-fixture	development/evidence/20261001-verbs-preparation/runtime/a/env_verbs.py	20033	c8ea5535f2cb0f85fe80e0e9d2104e77229c35ed478a865fdd2231e6dabab130
regression-fixture	development/evidence/20261001-verbs-preparation/runtime/a/observe.py	2532	f8594925f8ff741f15cd54c98b04c9a4126fa23f2094e708e89c9f8222739935
regression-fixture	development/evidence/20261001-verbs-preparation/runtime/b/env_verbs.py	20033	c8ea5535f2cb0f85fe80e0e9d2104e77229c35ed478a865fdd2231e6dabab130
regression-fixture	development/evidence/20261001-verbs-preparation/runtime/b/observe.py	2532	f8594925f8ff741f15cd54c98b04c9a4126fa23f2094e708e89c9f8222739935
regression-fixture	development/evidence/20261001-verbs-preparation/runtime/c/env_verbs.py	20033	c8ea5535f2cb0f85fe80e0e9d2104e77229c35ed478a865fdd2231e6dabab130
regression-fixture	development/evidence/20261001-verbs-preparation/runtime/c/observe.py	2532	f8594925f8ff741f15cd54c98b04c9a4126fa23f2094e708e89c9f8222739935
regression-fixture	development/evidence/20261001-verbs-preparation/runtime/ctl/env_verbs.py	20033	c8ea5535f2cb0f85fe80e0e9d2104e77229c35ed478a865fdd2231e6dabab130
regression-fixture	development/evidence/20261001-verbs-preparation/runtime/ctl/observe.py	2532	f8594925f8ff741f15cd54c98b04c9a4126fa23f2094e708e89c9f8222739935
regression-fixture	development/evidence/20261001-verbs-preparation/runtime/ctl/tools/initial/evidence/afs-delivery/verbs-v69/audit.py	4314	3f0beb85026ce2cda1c2de9829831b1e0a8536fb13d74b5c4d5e1d2295ab051d
regression-fixture	development/evidence/20261001-verbs-preparation/runtime/ctl/tools/initial/source/development/acceptance/probes/env_verbs.py	20033	c8ea5535f2cb0f85fe80e0e9d2104e77229c35ed478a865fdd2231e6dabab130
regression-fixture	development/evidence/20261001-verbs-preparation/runtime/ctl/tools/initial/source/development/acceptance/probes/test_env_verbs.py	9697	533a515989a6aceda34e42c3b1297f36cc803477a04bca4e5009ba05d3e3a6cd
maintained-tool	development/tools/restore_historical_python.py	6735	f6b84775b2c87401b004eeedae3435feb7476ea8dd6b182e3d5ef929008e49d0
maintained-test	development/tools/test_restore_historical_python.py	6509	22cb5e9095b29972beb76df647044778521182262003cc48e7a1ae867a37a895
maintained-tool	scripts/check-rdma-cancellation.py	12486	d43613cc24c4002d526a1b6a7b3b3ac8e418676552e5490da140075f41b77cc3
maintained-tool	scripts/dfs/r1_e2e.py	11603	4a97af305c5c46a489f3114feede1cb79405ddd5a394f65dcb1a5c6bd29f3e16
maintained-tool	scripts/ownerfs/accept_three_vm.py	356	d61dc0391250fd296bc0936e55bbf8a3699216ea9a58ec3a02894c58988f43bb
maintained-tool	scripts/ownerfs/p2p_concurrency_evaluator.py	6623	0f5c14b48efebede0528acb3b60605f5c42f6123a0bfe66095a4cf9ae1b0002d
maintained-tool	scripts/ownerfs/s5_distributed_workload.py	5985	80735dd75cb5a3e196c54d423740f93af08da747f6402f7624fd25c6a63b3ed0
maintained-tool	scripts/ownerfs/s5_posix_workload.py	16996	e157ced771cf6297f20c3a0b6efd7f9e5c67904fec57c61afe2da21a2fd783c6
maintained-tool	scripts/ownerfs/w1_diagnostics.py	14311	5fa5263e1395dae84d65d2358c66448228a943bdba05099899cdb50f1119c312
maintained-tool	scripts/ownerfs/w2_segment_diagnostics.py	17684	00786db0927a167da9455b4153e3a326f4f2b5808d554b94bc6bb938de7f2017
maintained-test	tests/ownerfs_acceptance.py	40639	92b89db3980b8502475194c6729cb2175cee48951ce8516fd8a6d16ee02a561b
